{"cameraMode":{"drawMode":0,"name":"Shaded","section":"Shading Mode"},"sceneLighting":true,"audioPlay":false,"sceneViewState":{"showFog":true,"showMaterialUpdate":true,"showSkybox":true,"showFlares":true,"showImageEffects":true,"showParticleSystems":true},"in2DMode":false,"pivot":{"x":-5.198070526123047,"y":6.564571380615234,"z":2.6767313480377199},"rotation":{"x":0.0553995706140995,"y":0.8275790214538574,"z":-0.0829477533698082,"w":0.5524712800979614},"size":16.64395523071289,"orthographic":false}